created_at,text,favourites_count,retweet_count
2019-03-20T05:23:57Z,"Your Chowkidar is standing firm &amp; serving the nation.

But, I am not alone.

Everyone who is fighting corruption, dirt, social evils is a Chowkidar.

Everyone working hard for the progress of India is a Chowkidar.

Today, every Indian is saying-#MainBhiChowkidar",194056,56030
2019-03-20T02:11:40Z,"Your Chowkidar is standing firm &amp; serving the nation.

But, I am not alone.

Everyone who is fighting corruption, dirt, social evils is a Chowkidar.

Everyone working hard for the progress of India is a Chowkidar.

Today, every Indian is saying-#MainBhiChowkidar",166928,56030
2019-03-20T02:16:01Z,"Your Chowkidar is standing firm &amp; serving the nation.

But, I am not alone.

Everyone who is fighting corruption, dirt, social evils is a Chowkidar.

Everyone working hard for the progress of India is a Chowkidar.

Today, every Indian is saying-#MainBhiChowkidar",136663,56030
2019-03-19T18:53:10Z,"Your Chowkidar is standing firm &amp; serving the nation.

But, I am not alone.

Everyone who is fighting corruption, dirt, social evils is a Chowkidar.

Everyone working hard for the progress of India is a Chowkidar.

Today, every Indian is saying-#MainBhiChowkidar",130050,56030
2019-03-20T06:18:24Z,"Your Chowkidar is standing firm &amp; serving the nation.

But, I am not alone.

Everyone who is fighting corruption, dirt, social evils is a Chowkidar.

Everyone working hard for the progress of India is a Chowkidar.

Today, every Indian is saying-#MainBhiChowkidar",81004,56030
2019-03-20T02:55:43Z,"Your Chowkidar is standing firm &amp; serving the nation.

But, I am not alone.

Everyone who is fighting corruption, dirt, social evils is a Chowkidar.

Everyone working hard for the progress of India is a Chowkidar.

Today, every Indian is saying-#MainBhiChowkidar",67613,56030
2019-03-20T04:08:30Z,"Your Chowkidar is standing firm &amp; serving the nation.

But, I am not alone.

Everyone who is fighting corruption, dirt, social evils is a Chowkidar.

Everyone working hard for the progress of India is a Chowkidar.

Today, every Indian is saying-#MainBhiChowkidar",60004,56030
2019-03-19T18:16:39Z,"Your Chowkidar is standing firm &amp; serving the nation.

But, I am not alone.

Everyone who is fighting corruption, dirt, social evils is a Chowkidar.

Everyone working hard for the progress of India is a Chowkidar.

Today, every Indian is saying-#MainBhiChowkidar",59971,56030
2019-03-19T20:08:05Z,"Your Chowkidar is standing firm &amp; serving the nation.

But, I am not alone.

Everyone who is fighting corruption, dirt, social evils is a Chowkidar.

Everyone working hard for the progress of India is a Chowkidar.

Today, every Indian is saying-#MainBhiChowkidar",56407,56030
2019-03-19T18:45:58Z,"Your Chowkidar is standing firm &amp; serving the nation.

But, I am not alone.

Everyone who is fighting corruption, dirt, social evils is a Chowkidar.

Everyone working hard for the progress of India is a Chowkidar.

Today, every Indian is saying-#MainBhiChowkidar",55476,56030
2019-03-19T18:52:20Z,"Your Chowkidar is standing firm &amp; serving the nation.

But, I am not alone.

Everyone who is fighting corruption, dirt, social evils is a Chowkidar.

Everyone working hard for the progress of India is a Chowkidar.

Today, every Indian is saying-#MainBhiChowkidar",47672,56030
2019-03-19T22:37:41Z,"Your Chowkidar is standing firm &amp; serving the nation.

But, I am not alone.

Everyone who is fighting corruption, dirt, social evils is a Chowkidar.

Everyone working hard for the progress of India is a Chowkidar.

Today, every Indian is saying-#MainBhiChowkidar",46707,56030
2019-03-20T02:38:12Z,"Your Chowkidar is standing firm &amp; serving the nation.

But, I am not alone.

Everyone who is fighting corruption, dirt, social evils is a Chowkidar.

Everyone working hard for the progress of India is a Chowkidar.

Today, every Indian is saying-#MainBhiChowkidar",45610,56030
2019-03-20T03:12:29Z,"Your Chowkidar is standing firm &amp; serving the nation.

But, I am not alone.

Everyone who is fighting corruption, dirt, social evils is a Chowkidar.

Everyone working hard for the progress of India is a Chowkidar.

Today, every Indian is saying-#MainBhiChowkidar",43457,56030
2019-03-19T20:10:28Z,"Your Chowkidar is standing firm &amp; serving the nation.

But, I am not alone.

Everyone who is fighting corruption, dirt, social evils is a Chowkidar.

Everyone working hard for the progress of India is a Chowkidar.

Today, every Indian is saying-#MainBhiChowkidar",42083,56030
2019-03-19T23:30:00Z,"Your Chowkidar is standing firm &amp; serving the nation.

But, I am not alone.

Everyone who is fighting corruption, dirt, social evils is a Chowkidar.

Everyone working hard for the progress of India is a Chowkidar.

Today, every Indian is saying-#MainBhiChowkidar",41256,56030
2019-03-19T20:54:40Z,"Your Chowkidar is standing firm &amp; serving the nation.

But, I am not alone.

Everyone who is fighting corruption, dirt, social evils is a Chowkidar.

Everyone working hard for the progress of India is a Chowkidar.

Today, every Indian is saying-#MainBhiChowkidar",37378,56030
2019-03-19T18:55:02Z,"Your Chowkidar is standing firm &amp; serving the nation.

But, I am not alone.

Everyone who is fighting corruption, dirt, social evils is a Chowkidar.

Everyone working hard for the progress of India is a Chowkidar.

Today, every Indian is saying-#MainBhiChowkidar",31947,56030
2019-03-20T04:24:08Z,"Your Chowkidar is standing firm &amp; serving the nation.

But, I am not alone.

Everyone who is fighting corruption, dirt, social evils is a Chowkidar.

Everyone working hard for the progress of India is a Chowkidar.

Today, every Indian is saying-#MainBhiChowkidar",29158,56030
2019-03-19T18:21:48Z,"Your Chowkidar is standing firm &amp; serving the nation.

But, I am not alone.

Everyone who is fighting corruption, dirt, social evils is a Chowkidar.

Everyone working hard for the progress of India is a Chowkidar.

Today, every Indian is saying-#MainBhiChowkidar",28931,56030
2019-03-19T18:09:54Z,"Your Chowkidar is standing firm &amp; serving the nation.

But, I am not alone.

Everyone who is fighting corruption, dirt, social evils is a Chowkidar.

Everyone working hard for the progress of India is a Chowkidar.

Today, every Indian is saying-#MainBhiChowkidar",16486,56030
2019-03-20T05:41:01Z,"Your Chowkidar is standing firm &amp; serving the nation.

But, I am not alone.

Everyone who is fighting corruption, dirt, social evils is a Chowkidar.

Everyone working hard for the progress of India is a Chowkidar.

Today, every Indian is saying-#MainBhiChowkidar",16471,56030
2019-03-19T19:44:42Z,"Your Chowkidar is standing firm &amp; serving the nation.

But, I am not alone.

Everyone who is fighting corruption, dirt, social evils is a Chowkidar.

Everyone working hard for the progress of India is a Chowkidar.

Today, every Indian is saying-#MainBhiChowkidar",14231,56030
2019-03-20T06:01:05Z,"Your Chowkidar is standing firm &amp; serving the nation.

But, I am not alone.

Everyone who is fighting corruption, dirt, social evils is a Chowkidar.

Everyone working hard for the progress of India is a Chowkidar.

Today, every Indian is saying-#MainBhiChowkidar",11775,56030
2019-03-20T05:23:36Z,"Your Chowkidar is standing firm &amp; serving the nation.

But, I am not alone.

Everyone who is fighting corruption, dirt, social evils is a Chowkidar.

Everyone working hard for the progress of India is a Chowkidar.

Today, every Indian is saying-#MainBhiChowkidar",10385,56030
2019-03-20T03:20:09Z,"Your Chowkidar is standing firm &amp; serving the nation.

But, I am not alone.

Everyone who is fighting corruption, dirt, social evils is a Chowkidar.

Everyone working hard for the progress of India is a Chowkidar.

Today, every Indian is saying-#MainBhiChowkidar",9981,56030
2019-03-20T05:50:22Z,"Your Chowkidar is standing firm &amp; serving the nation.

But, I am not alone.

Everyone who is fighting corruption, dirt, social evils is a Chowkidar.

Everyone working hard for the progress of India is a Chowkidar.

Today, every Indian is saying-#MainBhiChowkidar",8757,56030
2019-03-20T02:17:36Z,"Your Chowkidar is standing firm &amp; serving the nation.

But, I am not alone.

Everyone who is fighting corruption, dirt, social evils is a Chowkidar.

Everyone working hard for the progress of India is a Chowkidar.

Today, every Indian is saying-#MainBhiChowkidar",7005,56030
2019-03-19T18:58:30Z,"Your Chowkidar is standing firm &amp; serving the nation.

But, I am not alone.

Everyone who is fighting corruption, dirt, social evils is a Chowkidar.

Everyone working hard for the progress of India is a Chowkidar.

Today, every Indian is saying-#MainBhiChowkidar",6738,56030
2019-03-20T04:35:51Z,"Your Chowkidar is standing firm &amp; serving the nation.

But, I am not alone.

Everyone who is fighting corruption, dirt, social evils is a Chowkidar.

Everyone working hard for the progress of India is a Chowkidar.

Today, every Indian is saying-#MainBhiChowkidar",6690,56030
2019-03-20T03:52:16Z,"Your Chowkidar is standing firm &amp; serving the nation.

But, I am not alone.

Everyone who is fighting corruption, dirt, social evils is a Chowkidar.

Everyone working hard for the progress of India is a Chowkidar.

Today, every Indian is saying-#MainBhiChowkidar",6660,56030
2019-03-20T05:32:18Z,"Your Chowkidar is standing firm &amp; serving the nation.

But, I am not alone.

Everyone who is fighting corruption, dirt, social evils is a Chowkidar.

Everyone working hard for the progress of India is a Chowkidar.

Today, every Indian is saying-#MainBhiChowkidar",6255,56030
2019-03-20T05:01:41Z,"Your Chowkidar is standing firm &amp; serving the nation.

But, I am not alone.

Everyone who is fighting corruption, dirt, social evils is a Chowkidar.

Everyone working hard for the progress of India is a Chowkidar.

Today, every Indian is saying-#MainBhiChowkidar",5737,56030
2019-03-19T18:37:01Z,"Your Chowkidar is standing firm &amp; serving the nation.

But, I am not alone.

Everyone who is fighting corruption, dirt, social evils is a Chowkidar.

Everyone working hard for the progress of India is a Chowkidar.

Today, every Indian is saying-#MainBhiChowkidar",4781,56030
2019-03-19T19:37:00Z,"Your Chowkidar is standing firm &amp; serving the nation.

But, I am not alone.

Everyone who is fighting corruption, dirt, social evils is a Chowkidar.

Everyone working hard for the progress of India is a Chowkidar.

Today, every Indian is saying-#MainBhiChowkidar",4682,56030
2019-03-20T03:06:26Z,"Your Chowkidar is standing firm &amp; serving the nation.

But, I am not alone.

Everyone who is fighting corruption, dirt, social evils is a Chowkidar.

Everyone working hard for the progress of India is a Chowkidar.

Today, every Indian is saying-#MainBhiChowkidar",4668,56030
2019-03-20T02:55:32Z,"Your Chowkidar is standing firm &amp; serving the nation.

But, I am not alone.

Everyone who is fighting corruption, dirt, social evils is a Chowkidar.

Everyone working hard for the progress of India is a Chowkidar.

Today, every Indian is saying-#MainBhiChowkidar",4666,56030
2019-03-20T00:49:51Z,"Your Chowkidar is standing firm &amp; serving the nation.

But, I am not alone.

Everyone who is fighting corruption, dirt, social evils is a Chowkidar.

Everyone working hard for the progress of India is a Chowkidar.

Today, every Indian is saying-#MainBhiChowkidar",4560,56030
2019-03-20T00:43:36Z,"Your Chowkidar is standing firm &amp; serving the nation.

But, I am not alone.

Everyone who is fighting corruption, dirt, social evils is a Chowkidar.

Everyone working hard for the progress of India is a Chowkidar.

Today, every Indian is saying-#MainBhiChowkidar",3877,56030
2019-03-19T18:31:36Z,"Your Chowkidar is standing firm &amp; serving the nation.

But, I am not alone.

Everyone who is fighting corruption, dirt, social evils is a Chowkidar.

Everyone working hard for the progress of India is a Chowkidar.

Today, every Indian is saying-#MainBhiChowkidar",3062,56030
2019-03-20T04:19:02Z,"Your Chowkidar is standing firm &amp; serving the nation.

But, I am not alone.

Everyone who is fighting corruption, dirt, social evils is a Chowkidar.

Everyone working hard for the progress of India is a Chowkidar.

Today, every Indian is saying-#MainBhiChowkidar",2983,56030
2019-03-19T21:10:44Z,"Your Chowkidar is standing firm &amp; serving the nation.

But, I am not alone.

Everyone who is fighting corruption, dirt, social evils is a Chowkidar.

Everyone working hard for the progress of India is a Chowkidar.

Today, every Indian is saying-#MainBhiChowkidar",2928,56030
2019-03-19T19:34:42Z,"Your Chowkidar is standing firm &amp; serving the nation.

But, I am not alone.

Everyone who is fighting corruption, dirt, social evils is a Chowkidar.

Everyone working hard for the progress of India is a Chowkidar.

Today, every Indian is saying-#MainBhiChowkidar",2839,56030
2019-03-19T20:11:49Z,"Your Chowkidar is standing firm &amp; serving the nation.

But, I am not alone.

Everyone who is fighting corruption, dirt, social evils is a Chowkidar.

Everyone working hard for the progress of India is a Chowkidar.

Today, every Indian is saying-#MainBhiChowkidar",2809,56030
2019-03-19T20:48:03Z,"Your Chowkidar is standing firm &amp; serving the nation.

But, I am not alone.

Everyone who is fighting corruption, dirt, social evils is a Chowkidar.

Everyone working hard for the progress of India is a Chowkidar.

Today, every Indian is saying-#MainBhiChowkidar",2545,56030
2019-03-19T22:47:11Z,"Your Chowkidar is standing firm &amp; serving the nation.

But, I am not alone.

Everyone who is fighting corruption, dirt, social evils is a Chowkidar.

Everyone working hard for the progress of India is a Chowkidar.

Today, every Indian is saying-#MainBhiChowkidar",2500,56030
2019-03-20T06:06:58Z,"Your Chowkidar is standing firm &amp; serving the nation.

But, I am not alone.

Everyone who is fighting corruption, dirt, social evils is a Chowkidar.

Everyone working hard for the progress of India is a Chowkidar.

Today, every Indian is saying-#MainBhiChowkidar",2482,56030
2019-03-20T04:16:55Z,"Your Chowkidar is standing firm &amp; serving the nation.

But, I am not alone.

Everyone who is fighting corruption, dirt, social evils is a Chowkidar.

Everyone working hard for the progress of India is a Chowkidar.

Today, every Indian is saying-#MainBhiChowkidar",2477,56030
2019-03-19T18:38:59Z,"Your Chowkidar is standing firm &amp; serving the nation.

But, I am not alone.

Everyone who is fighting corruption, dirt, social evils is a Chowkidar.

Everyone working hard for the progress of India is a Chowkidar.

Today, every Indian is saying-#MainBhiChowkidar",2035,56030
2019-03-20T01:31:01Z,"Your Chowkidar is standing firm &amp; serving the nation.

But, I am not alone.

Everyone who is fighting corruption, dirt, social evils is a Chowkidar.

Everyone working hard for the progress of India is a Chowkidar.

Today, every Indian is saying-#MainBhiChowkidar",1623,56030
2019-03-20T06:07:57Z,"Your Chowkidar is standing firm &amp; serving the nation.

But, I am not alone.

Everyone who is fighting corruption, dirt, social evils is a Chowkidar.

Everyone working hard for the progress of India is a Chowkidar.

Today, every Indian is saying-#MainBhiChowkidar",1411,56030
2019-03-20T06:04:42Z,"Your Chowkidar is standing firm &amp; serving the nation.

But, I am not alone.

Everyone who is fighting corruption, dirt, social evils is a Chowkidar.

Everyone working hard for the progress of India is a Chowkidar.

Today, every Indian is saying-#MainBhiChowkidar",1410,56030
2019-03-20T05:09:03Z,"Your Chowkidar is standing firm &amp; serving the nation.

But, I am not alone.

Everyone who is fighting corruption, dirt, social evils is a Chowkidar.

Everyone working hard for the progress of India is a Chowkidar.

Today, every Indian is saying-#MainBhiChowkidar",1362,56030
2019-03-20T05:41:46Z,"Your Chowkidar is standing firm &amp; serving the nation.

But, I am not alone.

Everyone who is fighting corruption, dirt, social evils is a Chowkidar.

Everyone working hard for the progress of India is a Chowkidar.

Today, every Indian is saying-#MainBhiChowkidar",1339,56030
2019-03-20T05:36:35Z,"Your Chowkidar is standing firm &amp; serving the nation.

But, I am not alone.

Everyone who is fighting corruption, dirt, social evils is a Chowkidar.

Everyone working hard for the progress of India is a Chowkidar.

Today, every Indian is saying-#MainBhiChowkidar",1153,56030
2019-03-20T06:18:53Z,"Your Chowkidar is standing firm &amp; serving the nation.

But, I am not alone.

Everyone who is fighting corruption, dirt, social evils is a Chowkidar.

Everyone working hard for the progress of India is a Chowkidar.

Today, every Indian is saying-#MainBhiChowkidar",1099,56030
2019-03-19T18:07:45Z,"Your Chowkidar is standing firm &amp; serving the nation.

But, I am not alone.

Everyone who is fighting corruption, dirt, social evils is a Chowkidar.

Everyone working hard for the progress of India is a Chowkidar.

Today, every Indian is saying-#MainBhiChowkidar",1047,56030
2019-03-20T05:27:43Z,"Your Chowkidar is standing firm &amp; serving the nation.

But, I am not alone.

Everyone who is fighting corruption, dirt, social evils is a Chowkidar.

Everyone working hard for the progress of India is a Chowkidar.

Today, every Indian is saying-#MainBhiChowkidar",963,56030
2019-03-20T01:56:22Z,"Your Chowkidar is standing firm &amp; serving the nation.

But, I am not alone.

Everyone who is fighting corruption, dirt, social evils is a Chowkidar.

Everyone working hard for the progress of India is a Chowkidar.

Today, every Indian is saying-#MainBhiChowkidar",956,56030
2019-03-20T06:25:18Z,"Your Chowkidar is standing firm &amp; serving the nation.

But, I am not alone.

Everyone who is fighting corruption, dirt, social evils is a Chowkidar.

Everyone working hard for the progress of India is a Chowkidar.

Today, every Indian is saying-#MainBhiChowkidar",917,56030
2019-03-20T00:16:07Z,"Your Chowkidar is standing firm &amp; serving the nation.

But, I am not alone.

Everyone who is fighting corruption, dirt, social evils is a Chowkidar.

Everyone working hard for the progress of India is a Chowkidar.

Today, every Indian is saying-#MainBhiChowkidar",885,56030
2019-03-20T02:28:44Z,"Your Chowkidar is standing firm &amp; serving the nation.

But, I am not alone.

Everyone who is fighting corruption, dirt, social evils is a Chowkidar.

Everyone working hard for the progress of India is a Chowkidar.

Today, every Indian is saying-#MainBhiChowkidar",800,56030
2019-03-20T01:21:41Z,"Your Chowkidar is standing firm &amp; serving the nation.

But, I am not alone.

Everyone who is fighting corruption, dirt, social evils is a Chowkidar.

Everyone working hard for the progress of India is a Chowkidar.

Today, every Indian is saying-#MainBhiChowkidar",797,56030
2019-03-20T06:01:37Z,"Your Chowkidar is standing firm &amp; serving the nation.

But, I am not alone.

Everyone who is fighting corruption, dirt, social evils is a Chowkidar.

Everyone working hard for the progress of India is a Chowkidar.

Today, every Indian is saying-#MainBhiChowkidar",767,56030
2019-03-20T03:47:38Z,"Your Chowkidar is standing firm &amp; serving the nation.

But, I am not alone.

Everyone who is fighting corruption, dirt, social evils is a Chowkidar.

Everyone working hard for the progress of India is a Chowkidar.

Today, every Indian is saying-#MainBhiChowkidar",758,56030
2019-03-19T18:15:01Z,"Your Chowkidar is standing firm &amp; serving the nation.

But, I am not alone.

Everyone who is fighting corruption, dirt, social evils is a Chowkidar.

Everyone working hard for the progress of India is a Chowkidar.

Today, every Indian is saying-#MainBhiChowkidar",704,56030
2019-03-20T01:44:41Z,"Your Chowkidar is standing firm &amp; serving the nation.

But, I am not alone.

Everyone who is fighting corruption, dirt, social evils is a Chowkidar.

Everyone working hard for the progress of India is a Chowkidar.

Today, every Indian is saying-#MainBhiChowkidar",697,56030
2019-03-20T05:18:56Z,"Your Chowkidar is standing firm &amp; serving the nation.

But, I am not alone.

Everyone who is fighting corruption, dirt, social evils is a Chowkidar.

Everyone working hard for the progress of India is a Chowkidar.

Today, every Indian is saying-#MainBhiChowkidar",689,56030
2019-03-20T04:17:37Z,"Your Chowkidar is standing firm &amp; serving the nation.

But, I am not alone.

Everyone who is fighting corruption, dirt, social evils is a Chowkidar.

Everyone working hard for the progress of India is a Chowkidar.

Today, every Indian is saying-#MainBhiChowkidar",664,56030
2019-03-20T04:30:24Z,"Your Chowkidar is standing firm &amp; serving the nation.

But, I am not alone.

Everyone who is fighting corruption, dirt, social evils is a Chowkidar.

Everyone working hard for the progress of India is a Chowkidar.

Today, every Indian is saying-#MainBhiChowkidar",620,56030
2019-03-20T04:26:33Z,"Your Chowkidar is standing firm &amp; serving the nation.

But, I am not alone.

Everyone who is fighting corruption, dirt, social evils is a Chowkidar.

Everyone working hard for the progress of India is a Chowkidar.

Today, every Indian is saying-#MainBhiChowkidar",571,56030
2019-03-20T05:05:35Z,"Your Chowkidar is standing firm &amp; serving the nation.

But, I am not alone.

Everyone who is fighting corruption, dirt, social evils is a Chowkidar.

Everyone working hard for the progress of India is a Chowkidar.

Today, every Indian is saying-#MainBhiChowkidar",514,56030
2019-03-20T03:58:57Z,"Your Chowkidar is standing firm &amp; serving the nation.

But, I am not alone.

Everyone who is fighting corruption, dirt, social evils is a Chowkidar.

Everyone working hard for the progress of India is a Chowkidar.

Today, every Indian is saying-#MainBhiChowkidar",508,56030
2019-03-20T03:08:51Z,"Your Chowkidar is standing firm &amp; serving the nation.

But, I am not alone.

Everyone who is fighting corruption, dirt, social evils is a Chowkidar.

Everyone working hard for the progress of India is a Chowkidar.

Today, every Indian is saying-#MainBhiChowkidar",488,56030
2019-03-20T05:38:48Z,"Your Chowkidar is standing firm &amp; serving the nation.

But, I am not alone.

Everyone who is fighting corruption, dirt, social evils is a Chowkidar.

Everyone working hard for the progress of India is a Chowkidar.

Today, every Indian is saying-#MainBhiChowkidar",462,56030
2019-03-19T21:22:45Z,"Your Chowkidar is standing firm &amp; serving the nation.

But, I am not alone.

Everyone who is fighting corruption, dirt, social evils is a Chowkidar.

Everyone working hard for the progress of India is a Chowkidar.

Today, every Indian is saying-#MainBhiChowkidar",429,56030
2019-03-20T03:18:07Z,"Your Chowkidar is standing firm &amp; serving the nation.

But, I am not alone.

Everyone who is fighting corruption, dirt, social evils is a Chowkidar.

Everyone working hard for the progress of India is a Chowkidar.

Today, every Indian is saying-#MainBhiChowkidar",359,56030
2019-03-19T18:23:57Z,"Your Chowkidar is standing firm &amp; serving the nation.

But, I am not alone.

Everyone who is fighting corruption, dirt, social evils is a Chowkidar.

Everyone working hard for the progress of India is a Chowkidar.

Today, every Indian is saying-#MainBhiChowkidar",357,56030
2019-03-20T02:44:46Z,"Your Chowkidar is standing firm &amp; serving the nation.

But, I am not alone.

Everyone who is fighting corruption, dirt, social evils is a Chowkidar.

Everyone working hard for the progress of India is a Chowkidar.

Today, every Indian is saying-#MainBhiChowkidar",339,56030
2019-03-20T02:27:37Z,"Your Chowkidar is standing firm &amp; serving the nation.

But, I am not alone.

Everyone who is fighting corruption, dirt, social evils is a Chowkidar.

Everyone working hard for the progress of India is a Chowkidar.

Today, every Indian is saying-#MainBhiChowkidar",339,56030
2019-03-20T04:26:18Z,"Your Chowkidar is standing firm &amp; serving the nation.

But, I am not alone.

Everyone who is fighting corruption, dirt, social evils is a Chowkidar.

Everyone working hard for the progress of India is a Chowkidar.

Today, every Indian is saying-#MainBhiChowkidar",337,56030
2019-03-20T01:44:05Z,"Your Chowkidar is standing firm &amp; serving the nation.

But, I am not alone.

Everyone who is fighting corruption, dirt, social evils is a Chowkidar.

Everyone working hard for the progress of India is a Chowkidar.

Today, every Indian is saying-#MainBhiChowkidar",303,56030
2019-03-20T01:06:45Z,"Your Chowkidar is standing firm &amp; serving the nation.

But, I am not alone.

Everyone who is fighting corruption, dirt, social evils is a Chowkidar.

Everyone working hard for the progress of India is a Chowkidar.

Today, every Indian is saying-#MainBhiChowkidar",289,56030
2019-03-20T00:57:18Z,"Your Chowkidar is standing firm &amp; serving the nation.

But, I am not alone.

Everyone who is fighting corruption, dirt, social evils is a Chowkidar.

Everyone working hard for the progress of India is a Chowkidar.

Today, every Indian is saying-#MainBhiChowkidar",268,56030
2019-03-20T03:23:25Z,"Your Chowkidar is standing firm &amp; serving the nation.

But, I am not alone.

Everyone who is fighting corruption, dirt, social evils is a Chowkidar.

Everyone working hard for the progress of India is a Chowkidar.

Today, every Indian is saying-#MainBhiChowkidar",236,56030
2019-03-20T03:42:40Z,"Your Chowkidar is standing firm &amp; serving the nation.

But, I am not alone.

Everyone who is fighting corruption, dirt, social evils is a Chowkidar.

Everyone working hard for the progress of India is a Chowkidar.

Today, every Indian is saying-#MainBhiChowkidar",219,56030
2019-03-20T04:24:51Z,"Your Chowkidar is standing firm &amp; serving the nation.

But, I am not alone.

Everyone who is fighting corruption, dirt, social evils is a Chowkidar.

Everyone working hard for the progress of India is a Chowkidar.

Today, every Indian is saying-#MainBhiChowkidar",215,56030
2019-03-19T20:31:57Z,"Your Chowkidar is standing firm &amp; serving the nation.

But, I am not alone.

Everyone who is fighting corruption, dirt, social evils is a Chowkidar.

Everyone working hard for the progress of India is a Chowkidar.

Today, every Indian is saying-#MainBhiChowkidar",213,56030
2019-03-19T18:26:55Z,"Your Chowkidar is standing firm &amp; serving the nation.

But, I am not alone.

Everyone who is fighting corruption, dirt, social evils is a Chowkidar.

Everyone working hard for the progress of India is a Chowkidar.

Today, every Indian is saying-#MainBhiChowkidar",198,56030
2019-03-20T02:11:22Z,"Your Chowkidar is standing firm &amp; serving the nation.

But, I am not alone.

Everyone who is fighting corruption, dirt, social evils is a Chowkidar.

Everyone working hard for the progress of India is a Chowkidar.

Today, every Indian is saying-#MainBhiChowkidar",195,56030
2019-03-20T01:29:03Z,"Your Chowkidar is standing firm &amp; serving the nation.

But, I am not alone.

Everyone who is fighting corruption, dirt, social evils is a Chowkidar.

Everyone working hard for the progress of India is a Chowkidar.

Today, every Indian is saying-#MainBhiChowkidar",152,56030
2019-03-20T02:25:30Z,"Your Chowkidar is standing firm &amp; serving the nation.

But, I am not alone.

Everyone who is fighting corruption, dirt, social evils is a Chowkidar.

Everyone working hard for the progress of India is a Chowkidar.

Today, every Indian is saying-#MainBhiChowkidar",151,56030
2019-03-20T05:49:29Z,"Your Chowkidar is standing firm &amp; serving the nation.

But, I am not alone.

Everyone who is fighting corruption, dirt, social evils is a Chowkidar.

Everyone working hard for the progress of India is a Chowkidar.

Today, every Indian is saying-#MainBhiChowkidar",136,56030
2019-03-20T03:11:02Z,"Your Chowkidar is standing firm &amp; serving the nation.

But, I am not alone.

Everyone who is fighting corruption, dirt, social evils is a Chowkidar.

Everyone working hard for the progress of India is a Chowkidar.

Today, every Indian is saying-#MainBhiChowkidar",121,56030
2019-03-19T18:15:20Z,"Your Chowkidar is standing firm &amp; serving the nation.

But, I am not alone.

Everyone who is fighting corruption, dirt, social evils is a Chowkidar.

Everyone working hard for the progress of India is a Chowkidar.

Today, every Indian is saying-#MainBhiChowkidar",119,56030
2019-03-20T05:49:56Z,"Your Chowkidar is standing firm &amp; serving the nation.

But, I am not alone.

Everyone who is fighting corruption, dirt, social evils is a Chowkidar.

Everyone working hard for the progress of India is a Chowkidar.

Today, every Indian is saying-#MainBhiChowkidar",116,56030
2019-03-20T04:24:50Z,"Your Chowkidar is standing firm &amp; serving the nation.

But, I am not alone.

Everyone who is fighting corruption, dirt, social evils is a Chowkidar.

Everyone working hard for the progress of India is a Chowkidar.

Today, every Indian is saying-#MainBhiChowkidar",109,56030
2019-03-20T05:14:07Z,"Your Chowkidar is standing firm &amp; serving the nation.

But, I am not alone.

Everyone who is fighting corruption, dirt, social evils is a Chowkidar.

Everyone working hard for the progress of India is a Chowkidar.

Today, every Indian is saying-#MainBhiChowkidar",105,56030
2019-03-20T04:01:51Z,"Your Chowkidar is standing firm &amp; serving the nation.

But, I am not alone.

Everyone who is fighting corruption, dirt, social evils is a Chowkidar.

Everyone working hard for the progress of India is a Chowkidar.

Today, every Indian is saying-#MainBhiChowkidar",103,56030
2019-03-20T03:14:00Z,"Your Chowkidar is standing firm &amp; serving the nation.

But, I am not alone.

Everyone who is fighting corruption, dirt, social evils is a Chowkidar.

Everyone working hard for the progress of India is a Chowkidar.

Today, every Indian is saying-#MainBhiChowkidar",101,56030
2019-03-20T04:33:19Z,"Your Chowkidar is standing firm &amp; serving the nation.

But, I am not alone.

Everyone who is fighting corruption, dirt, social evils is a Chowkidar.

Everyone working hard for the progress of India is a Chowkidar.

Today, every Indian is saying-#MainBhiChowkidar",98,56030
2019-03-19T19:41:39Z,"Your Chowkidar is standing firm &amp; serving the nation.

But, I am not alone.

Everyone who is fighting corruption, dirt, social evils is a Chowkidar.

Everyone working hard for the progress of India is a Chowkidar.

Today, every Indian is saying-#MainBhiChowkidar",93,56030
2019-03-19T20:02:49Z,"Your Chowkidar is standing firm &amp; serving the nation.

But, I am not alone.

Everyone who is fighting corruption, dirt, social evils is a Chowkidar.

Everyone working hard for the progress of India is a Chowkidar.

Today, every Indian is saying-#MainBhiChowkidar",91,56030
2019-03-20T01:30:13Z,"Your Chowkidar is standing firm &amp; serving the nation.

But, I am not alone.

Everyone who is fighting corruption, dirt, social evils is a Chowkidar.

Everyone working hard for the progress of India is a Chowkidar.

Today, every Indian is saying-#MainBhiChowkidar",89,56030
2019-03-20T01:09:23Z,"Your Chowkidar is standing firm &amp; serving the nation.

But, I am not alone.

Everyone who is fighting corruption, dirt, social evils is a Chowkidar.

Everyone working hard for the progress of India is a Chowkidar.

Today, every Indian is saying-#MainBhiChowkidar",85,56030
2019-03-19T20:07:58Z,"Your Chowkidar is standing firm &amp; serving the nation.

But, I am not alone.

Everyone who is fighting corruption, dirt, social evils is a Chowkidar.

Everyone working hard for the progress of India is a Chowkidar.

Today, every Indian is saying-#MainBhiChowkidar",85,56030
2019-03-20T04:07:30Z,"Your Chowkidar is standing firm &amp; serving the nation.

But, I am not alone.

Everyone who is fighting corruption, dirt, social evils is a Chowkidar.

Everyone working hard for the progress of India is a Chowkidar.

Today, every Indian is saying-#MainBhiChowkidar",84,56030
2019-03-20T06:06:00Z,"Your Chowkidar is standing firm &amp; serving the nation.

But, I am not alone.

Everyone who is fighting corruption, dirt, social evils is a Chowkidar.

Everyone working hard for the progress of India is a Chowkidar.

Today, every Indian is saying-#MainBhiChowkidar",80,56030
2019-03-19T19:05:03Z,"Your Chowkidar is standing firm &amp; serving the nation.

But, I am not alone.

Everyone who is fighting corruption, dirt, social evils is a Chowkidar.

Everyone working hard for the progress of India is a Chowkidar.

Today, every Indian is saying-#MainBhiChowkidar",78,56030
2019-03-20T05:52:48Z,"Your Chowkidar is standing firm &amp; serving the nation.

But, I am not alone.

Everyone who is fighting corruption, dirt, social evils is a Chowkidar.

Everyone working hard for the progress of India is a Chowkidar.

Today, every Indian is saying-#MainBhiChowkidar",77,56030
2019-03-19T21:44:16Z,"Your Chowkidar is standing firm &amp; serving the nation.

But, I am not alone.

Everyone who is fighting corruption, dirt, social evils is a Chowkidar.

Everyone working hard for the progress of India is a Chowkidar.

Today, every Indian is saying-#MainBhiChowkidar",76,56030
2019-03-19T18:14:07Z,"Your Chowkidar is standing firm &amp; serving the nation.

But, I am not alone.

Everyone who is fighting corruption, dirt, social evils is a Chowkidar.

Everyone working hard for the progress of India is a Chowkidar.

Today, every Indian is saying-#MainBhiChowkidar",76,56030
2019-03-20T02:28:28Z,"Your Chowkidar is standing firm &amp; serving the nation.

But, I am not alone.

Everyone who is fighting corruption, dirt, social evils is a Chowkidar.

Everyone working hard for the progress of India is a Chowkidar.

Today, every Indian is saying-#MainBhiChowkidar",73,56030
2019-03-19T23:15:50Z,"Your Chowkidar is standing firm &amp; serving the nation.

But, I am not alone.

Everyone who is fighting corruption, dirt, social evils is a Chowkidar.

Everyone working hard for the progress of India is a Chowkidar.

Today, every Indian is saying-#MainBhiChowkidar",71,56030
2019-03-20T03:21:52Z,"Your Chowkidar is standing firm &amp; serving the nation.

But, I am not alone.

Everyone who is fighting corruption, dirt, social evils is a Chowkidar.

Everyone working hard for the progress of India is a Chowkidar.

Today, every Indian is saying-#MainBhiChowkidar",70,56030
2019-03-20T04:47:08Z,"Your Chowkidar is standing firm &amp; serving the nation.

But, I am not alone.

Everyone who is fighting corruption, dirt, social evils is a Chowkidar.

Everyone working hard for the progress of India is a Chowkidar.

Today, every Indian is saying-#MainBhiChowkidar",68,56030
2019-03-19T19:38:12Z,"Your Chowkidar is standing firm &amp; serving the nation.

But, I am not alone.

Everyone who is fighting corruption, dirt, social evils is a Chowkidar.

Everyone working hard for the progress of India is a Chowkidar.

Today, every Indian is saying-#MainBhiChowkidar",68,56030
2019-03-20T01:57:59Z,"Your Chowkidar is standing firm &amp; serving the nation.

But, I am not alone.

Everyone who is fighting corruption, dirt, social evils is a Chowkidar.

Everyone working hard for the progress of India is a Chowkidar.

Today, every Indian is saying-#MainBhiChowkidar",66,56030
2019-03-19T18:52:41Z,"Your Chowkidar is standing firm &amp; serving the nation.

But, I am not alone.

Everyone who is fighting corruption, dirt, social evils is a Chowkidar.

Everyone working hard for the progress of India is a Chowkidar.

Today, every Indian is saying-#MainBhiChowkidar",66,56030
2019-03-19T18:10:35Z,"Your Chowkidar is standing firm &amp; serving the nation.

But, I am not alone.

Everyone who is fighting corruption, dirt, social evils is a Chowkidar.

Everyone working hard for the progress of India is a Chowkidar.

Today, every Indian is saying-#MainBhiChowkidar",63,56030
2019-03-20T03:40:26Z,"Your Chowkidar is standing firm &amp; serving the nation.

But, I am not alone.

Everyone who is fighting corruption, dirt, social evils is a Chowkidar.

Everyone working hard for the progress of India is a Chowkidar.

Today, every Indian is saying-#MainBhiChowkidar",60,56030
2019-03-20T01:33:27Z,"Your Chowkidar is standing firm &amp; serving the nation.

But, I am not alone.

Everyone who is fighting corruption, dirt, social evils is a Chowkidar.

Everyone working hard for the progress of India is a Chowkidar.

Today, every Indian is saying-#MainBhiChowkidar",59,56030
2019-03-19T18:27:09Z,"Your Chowkidar is standing firm &amp; serving the nation.

But, I am not alone.

Everyone who is fighting corruption, dirt, social evils is a Chowkidar.

Everyone working hard for the progress of India is a Chowkidar.

Today, every Indian is saying-#MainBhiChowkidar",59,56030
2019-03-20T01:09:32Z,"Your Chowkidar is standing firm &amp; serving the nation.

But, I am not alone.

Everyone who is fighting corruption, dirt, social evils is a Chowkidar.

Everyone working hard for the progress of India is a Chowkidar.

Today, every Indian is saying-#MainBhiChowkidar",57,56030
2019-03-20T04:27:04Z,"Your Chowkidar is standing firm &amp; serving the nation.

But, I am not alone.

Everyone who is fighting corruption, dirt, social evils is a Chowkidar.

Everyone working hard for the progress of India is a Chowkidar.

Today, every Indian is saying-#MainBhiChowkidar",50,56030
2019-03-20T06:16:29Z,"Your Chowkidar is standing firm &amp; serving the nation.

But, I am not alone.

Everyone who is fighting corruption, dirt, social evils is a Chowkidar.

Everyone working hard for the progress of India is a Chowkidar.

Today, every Indian is saying-#MainBhiChowkidar",49,56030
2019-03-19T19:43:18Z,"Your Chowkidar is standing firm &amp; serving the nation.

But, I am not alone.

Everyone who is fighting corruption, dirt, social evils is a Chowkidar.

Everyone working hard for the progress of India is a Chowkidar.

Today, every Indian is saying-#MainBhiChowkidar",47,56030
2019-03-19T20:39:24Z,"Your Chowkidar is standing firm &amp; serving the nation.

But, I am not alone.

Everyone who is fighting corruption, dirt, social evils is a Chowkidar.

Everyone working hard for the progress of India is a Chowkidar.

Today, every Indian is saying-#MainBhiChowkidar",46,56030
2019-03-19T18:52:16Z,"Your Chowkidar is standing firm &amp; serving the nation.

But, I am not alone.

Everyone who is fighting corruption, dirt, social evils is a Chowkidar.

Everyone working hard for the progress of India is a Chowkidar.

Today, every Indian is saying-#MainBhiChowkidar",46,56030
2019-03-20T04:07:03Z,"Your Chowkidar is standing firm &amp; serving the nation.

But, I am not alone.

Everyone who is fighting corruption, dirt, social evils is a Chowkidar.

Everyone working hard for the progress of India is a Chowkidar.

Today, every Indian is saying-#MainBhiChowkidar",45,56030
2019-03-20T05:26:30Z,"Your Chowkidar is standing firm &amp; serving the nation.

But, I am not alone.

Everyone who is fighting corruption, dirt, social evils is a Chowkidar.

Everyone working hard for the progress of India is a Chowkidar.

Today, every Indian is saying-#MainBhiChowkidar",44,56030
2019-03-20T05:44:21Z,"Your Chowkidar is standing firm &amp; serving the nation.

But, I am not alone.

Everyone who is fighting corruption, dirt, social evils is a Chowkidar.

Everyone working hard for the progress of India is a Chowkidar.

Today, every Indian is saying-#MainBhiChowkidar",41,56030
2019-03-20T03:00:55Z,"Your Chowkidar is standing firm &amp; serving the nation.

But, I am not alone.

Everyone who is fighting corruption, dirt, social evils is a Chowkidar.

Everyone working hard for the progress of India is a Chowkidar.

Today, every Indian is saying-#MainBhiChowkidar",41,56030
2019-03-19T20:26:26Z,"Your Chowkidar is standing firm &amp; serving the nation.

But, I am not alone.

Everyone who is fighting corruption, dirt, social evils is a Chowkidar.

Everyone working hard for the progress of India is a Chowkidar.

Today, every Indian is saying-#MainBhiChowkidar",36,56030
2019-03-19T23:10:34Z,"Your Chowkidar is standing firm &amp; serving the nation.

But, I am not alone.

Everyone who is fighting corruption, dirt, social evils is a Chowkidar.

Everyone working hard for the progress of India is a Chowkidar.

Today, every Indian is saying-#MainBhiChowkidar",31,56030
2019-03-20T03:11:07Z,"Your Chowkidar is standing firm &amp; serving the nation.

But, I am not alone.

Everyone who is fighting corruption, dirt, social evils is a Chowkidar.

Everyone working hard for the progress of India is a Chowkidar.

Today, every Indian is saying-#MainBhiChowkidar",30,56030
2019-03-20T03:00:20Z,"Your Chowkidar is standing firm &amp; serving the nation.

But, I am not alone.

Everyone who is fighting corruption, dirt, social evils is a Chowkidar.

Everyone working hard for the progress of India is a Chowkidar.

Today, every Indian is saying-#MainBhiChowkidar",29,56030
2019-03-19T19:01:04Z,"Your Chowkidar is standing firm &amp; serving the nation.

But, I am not alone.

Everyone who is fighting corruption, dirt, social evils is a Chowkidar.

Everyone working hard for the progress of India is a Chowkidar.

Today, every Indian is saying-#MainBhiChowkidar",29,56030
2019-03-20T06:16:28Z,"Your Chowkidar is standing firm &amp; serving the nation.

But, I am not alone.

Everyone who is fighting corruption, dirt, social evils is a Chowkidar.

Everyone working hard for the progress of India is a Chowkidar.

Today, every Indian is saying-#MainBhiChowkidar",27,56030
2019-03-20T03:51:01Z,"Your Chowkidar is standing firm &amp; serving the nation.

But, I am not alone.

Everyone who is fighting corruption, dirt, social evils is a Chowkidar.

Everyone working hard for the progress of India is a Chowkidar.

Today, every Indian is saying-#MainBhiChowkidar",22,56030
2019-03-20T03:28:15Z,"Your Chowkidar is standing firm &amp; serving the nation.

But, I am not alone.

Everyone who is fighting corruption, dirt, social evils is a Chowkidar.

Everyone working hard for the progress of India is a Chowkidar.

Today, every Indian is saying-#MainBhiChowkidar",22,56030
2019-03-19T19:33:43Z,"Your Chowkidar is standing firm &amp; serving the nation.

But, I am not alone.

Everyone who is fighting corruption, dirt, social evils is a Chowkidar.

Everyone working hard for the progress of India is a Chowkidar.

Today, every Indian is saying-#MainBhiChowkidar",22,56030
2019-03-19T19:46:50Z,"Your Chowkidar is standing firm &amp; serving the nation.

But, I am not alone.

Everyone who is fighting corruption, dirt, social evils is a Chowkidar.

Everyone working hard for the progress of India is a Chowkidar.

Today, every Indian is saying-#MainBhiChowkidar",20,56030
2019-03-19T19:35:18Z,"Your Chowkidar is standing firm &amp; serving the nation.

But, I am not alone.

Everyone who is fighting corruption, dirt, social evils is a Chowkidar.

Everyone working hard for the progress of India is a Chowkidar.

Today, every Indian is saying-#MainBhiChowkidar",20,56030
2019-03-19T19:00:17Z,"Your Chowkidar is standing firm &amp; serving the nation.

But, I am not alone.

Everyone who is fighting corruption, dirt, social evils is a Chowkidar.

Everyone working hard for the progress of India is a Chowkidar.

Today, every Indian is saying-#MainBhiChowkidar",20,56030
2019-03-20T03:48:49Z,"Your Chowkidar is standing firm &amp; serving the nation.

But, I am not alone.

Everyone who is fighting corruption, dirt, social evils is a Chowkidar.

Everyone working hard for the progress of India is a Chowkidar.

Today, every Indian is saying-#MainBhiChowkidar",19,56030
2019-03-20T04:32:07Z,"Your Chowkidar is standing firm &amp; serving the nation.

But, I am not alone.

Everyone who is fighting corruption, dirt, social evils is a Chowkidar.

Everyone working hard for the progress of India is a Chowkidar.

Today, every Indian is saying-#MainBhiChowkidar",18,56030
2019-03-19T18:46:21Z,"Your Chowkidar is standing firm &amp; serving the nation.

But, I am not alone.

Everyone who is fighting corruption, dirt, social evils is a Chowkidar.

Everyone working hard for the progress of India is a Chowkidar.

Today, every Indian is saying-#MainBhiChowkidar",18,56030
2019-03-20T04:40:58Z,"Your Chowkidar is standing firm &amp; serving the nation.

But, I am not alone.

Everyone who is fighting corruption, dirt, social evils is a Chowkidar.

Everyone working hard for the progress of India is a Chowkidar.

Today, every Indian is saying-#MainBhiChowkidar",17,56030
2019-03-20T03:27:06Z,"Your Chowkidar is standing firm &amp; serving the nation.

But, I am not alone.

Everyone who is fighting corruption, dirt, social evils is a Chowkidar.

Everyone working hard for the progress of India is a Chowkidar.

Today, every Indian is saying-#MainBhiChowkidar",17,56030
2019-03-20T03:19:38Z,"Your Chowkidar is standing firm &amp; serving the nation.

But, I am not alone.

Everyone who is fighting corruption, dirt, social evils is a Chowkidar.

Everyone working hard for the progress of India is a Chowkidar.

Today, every Indian is saying-#MainBhiChowkidar",17,56030
2019-03-19T20:01:24Z,"Your Chowkidar is standing firm &amp; serving the nation.

But, I am not alone.

Everyone who is fighting corruption, dirt, social evils is a Chowkidar.

Everyone working hard for the progress of India is a Chowkidar.

Today, every Indian is saying-#MainBhiChowkidar",17,56030
2019-03-20T05:24:27Z,"Your Chowkidar is standing firm &amp; serving the nation.

But, I am not alone.

Everyone who is fighting corruption, dirt, social evils is a Chowkidar.

Everyone working hard for the progress of India is a Chowkidar.

Today, every Indian is saying-#MainBhiChowkidar",16,56030
2019-03-20T03:53:17Z,"Your Chowkidar is standing firm &amp; serving the nation.

But, I am not alone.

Everyone who is fighting corruption, dirt, social evils is a Chowkidar.

Everyone working hard for the progress of India is a Chowkidar.

Today, every Indian is saying-#MainBhiChowkidar",16,56030
2019-03-20T03:29:20Z,"Your Chowkidar is standing firm &amp; serving the nation.

But, I am not alone.

Everyone who is fighting corruption, dirt, social evils is a Chowkidar.

Everyone working hard for the progress of India is a Chowkidar.

Today, every Indian is saying-#MainBhiChowkidar",14,56030
2019-03-19T18:42:32Z,"Your Chowkidar is standing firm &amp; serving the nation.

But, I am not alone.

Everyone who is fighting corruption, dirt, social evils is a Chowkidar.

Everyone working hard for the progress of India is a Chowkidar.

Today, every Indian is saying-#MainBhiChowkidar",13,56030
2019-03-20T02:30:03Z,"Your Chowkidar is standing firm &amp; serving the nation.

But, I am not alone.

Everyone who is fighting corruption, dirt, social evils is a Chowkidar.

Everyone working hard for the progress of India is a Chowkidar.

Today, every Indian is saying-#MainBhiChowkidar",12,56030
2019-03-20T01:58:44Z,"Your Chowkidar is standing firm &amp; serving the nation.

But, I am not alone.

Everyone who is fighting corruption, dirt, social evils is a Chowkidar.

Everyone working hard for the progress of India is a Chowkidar.

Today, every Indian is saying-#MainBhiChowkidar",12,56030
2019-03-20T03:21:46Z,"Your Chowkidar is standing firm &amp; serving the nation.

But, I am not alone.

Everyone who is fighting corruption, dirt, social evils is a Chowkidar.

Everyone working hard for the progress of India is a Chowkidar.

Today, every Indian is saying-#MainBhiChowkidar",10,56030
2019-03-20T02:21:48Z,"Your Chowkidar is standing firm &amp; serving the nation.

But, I am not alone.

Everyone who is fighting corruption, dirt, social evils is a Chowkidar.

Everyone working hard for the progress of India is a Chowkidar.

Today, every Indian is saying-#MainBhiChowkidar",9,56030
2019-03-20T05:04:49Z,"Your Chowkidar is standing firm &amp; serving the nation.

But, I am not alone.

Everyone who is fighting corruption, dirt, social evils is a Chowkidar.

Everyone working hard for the progress of India is a Chowkidar.

Today, every Indian is saying-#MainBhiChowkidar",8,56030
2019-03-20T00:39:23Z,"Your Chowkidar is standing firm &amp; serving the nation.

But, I am not alone.

Everyone who is fighting corruption, dirt, social evils is a Chowkidar.

Everyone working hard for the progress of India is a Chowkidar.

Today, every Indian is saying-#MainBhiChowkidar",8,56030
2019-03-20T06:02:48Z,"Your Chowkidar is standing firm &amp; serving the nation.

But, I am not alone.

Everyone who is fighting corruption, dirt, social evils is a Chowkidar.

Everyone working hard for the progress of India is a Chowkidar.

Today, every Indian is saying-#MainBhiChowkidar",7,56030
2019-03-20T02:57:55Z,"Your Chowkidar is standing firm &amp; serving the nation.

But, I am not alone.

Everyone who is fighting corruption, dirt, social evils is a Chowkidar.

Everyone working hard for the progress of India is a Chowkidar.

Today, every Indian is saying-#MainBhiChowkidar",7,56030
2019-03-20T03:45:32Z,"Your Chowkidar is standing firm &amp; serving the nation.

But, I am not alone.

Everyone who is fighting corruption, dirt, social evils is a Chowkidar.

Everyone working hard for the progress of India is a Chowkidar.

Today, every Indian is saying-#MainBhiChowkidar",5,56030
2019-03-19T18:26:36Z,"Your Chowkidar is standing firm &amp; serving the nation.

But, I am not alone.

Everyone who is fighting corruption, dirt, social evils is a Chowkidar.

Everyone working hard for the progress of India is a Chowkidar.

Today, every Indian is saying-#MainBhiChowkidar",5,56030
2019-03-20T04:32:53Z,"Your Chowkidar is standing firm &amp; serving the nation.

But, I am not alone.

Everyone who is fighting corruption, dirt, social evils is a Chowkidar.

Everyone working hard for the progress of India is a Chowkidar.

Today, every Indian is saying-#MainBhiChowkidar",4,56030
2019-03-20T06:04:25Z,"Your Chowkidar is standing firm &amp; serving the nation.

But, I am not alone.

Everyone who is fighting corruption, dirt, social evils is a Chowkidar.

Everyone working hard for the progress of India is a Chowkidar.

Today, every Indian is saying-#MainBhiChowkidar",3,56030
2019-03-20T03:08:57Z,"Your Chowkidar is standing firm &amp; serving the nation.

But, I am not alone.

Everyone who is fighting corruption, dirt, social evils is a Chowkidar.

Everyone working hard for the progress of India is a Chowkidar.

Today, every Indian is saying-#MainBhiChowkidar",3,56030
2019-03-20T04:19:29Z,"Your Chowkidar is standing firm &amp; serving the nation.

But, I am not alone.

Everyone who is fighting corruption, dirt, social evils is a Chowkidar.

Everyone working hard for the progress of India is a Chowkidar.

Today, every Indian is saying-#MainBhiChowkidar",2,56030
2019-03-20T02:21:08Z,"Your Chowkidar is standing firm &amp; serving the nation.

But, I am not alone.

Everyone who is fighting corruption, dirt, social evils is a Chowkidar.

Everyone working hard for the progress of India is a Chowkidar.

Today, every Indian is saying-#MainBhiChowkidar",2,56030
2019-03-20T05:46:27Z,"Your Chowkidar is standing firm &amp; serving the nation.

But, I am not alone.

Everyone who is fighting corruption, dirt, social evils is a Chowkidar.

Everyone working hard for the progress of India is a Chowkidar.

Today, every Indian is saying-#MainBhiChowkidar",1,56030
2019-03-20T01:23:03Z,"Your Chowkidar is standing firm &amp; serving the nation.

But, I am not alone.

Everyone who is fighting corruption, dirt, social evils is a Chowkidar.

Everyone working hard for the progress of India is a Chowkidar.

Today, every Indian is saying-#MainBhiChowkidar",1,56030
2019-03-19T18:38:48Z,"Your Chowkidar is standing firm &amp; serving the nation.

But, I am not alone.

Everyone who is fighting corruption, dirt, social evils is a Chowkidar.

Everyone working hard for the progress of India is a Chowkidar.

Today, every Indian is saying-#MainBhiChowkidar",1,56030
2019-03-19T18:21:58Z,"Your Chowkidar is standing firm &amp; serving the nation.

But, I am not alone.

Everyone who is fighting corruption, dirt, social evils is a Chowkidar.

Everyone working hard for the progress of India is a Chowkidar.

Today, every Indian is saying-#MainBhiChowkidar",1,56030
2019-03-20T05:00:33Z,"Your Chowkidar is standing firm &amp; serving the nation.

But, I am not alone.

Everyone who is fighting corruption, dirt, social evils is a Chowkidar.

Everyone working hard for the progress of India is a Chowkidar.

Today, every Indian is saying-#MainBhiChowkidar",0,56030
2019-03-20T04:20:28Z,"Your Chowkidar is standing firm &amp; serving the nation.

But, I am not alone.

Everyone who is fighting corruption, dirt, social evils is a Chowkidar.

Everyone working hard for the progress of India is a Chowkidar.

Today, every Indian is saying-#MainBhiChowkidar",0,56030
2019-03-20T03:34:50Z,"Your Chowkidar is standing firm &amp; serving the nation.

But, I am not alone.

Everyone who is fighting corruption, dirt, social evils is a Chowkidar.

Everyone working hard for the progress of India is a Chowkidar.

Today, every Indian is saying-#MainBhiChowkidar",0,56030
2019-03-20T01:52:26Z,"Your Chowkidar is standing firm &amp; serving the nation.

But, I am not alone.

Everyone who is fighting corruption, dirt, social evils is a Chowkidar.

Everyone working hard for the progress of India is a Chowkidar.

Today, every Indian is saying-#MainBhiChowkidar",0,56030
